al_id,Song_ID
1,75
1,105
1,109
10,48
10,66
10,91
10,93
10,125
100,169
101,147
102,132
102,140
103,161
103,165
104,163
105,135
106,158
107,162
108,145
109,152
11,65
110,131
110,136
110,151
110,154
110,155
111,143
12,33
12,126
13,2
13,57
14,69
15,44
17,113
18,35
19,88
2,74
20,10
20,43
20,47
20,56
20,63
20,70
20,87
20,103
20,107
20,122
21,6
22,73
22,100
22,129
23,11
24,86
25,30
25,76
26,72
27,102
28,20
29,121
3,24
30,27
31,29
32,94
33,77
33,82
34,116
35,49
36,12
36,55
37,124
38,89
39,5
39,50
39,117
39,120
4,84
40,32
40,36
40,45
40,127
41,92
42,13
42,51
42,58
43,68
44,37
44,111
45,25
45,34
45,54
46,28
46,110
47,108
48,81
50,7
50,67
51,8
53,114
54,31
54,85
54,115
54,119
55,4
56,26
58,38
58,64
59,3
6,112
61,52
63,15
63,60
63,71
63,96
63,97
63,98
63,99
64,104
65,9
65,18
66,39
67,118
68,101
7,83
70,16
70,19
70,22
70,59
70,78
70,106
71,21
72,17
72,123
73,40
73,41
74,90
75,1
75,53
76,128
77,79
77,80
78,61
78,130
79,62
79,95
8,14
8,23
8,46
80,167
81,146
82,138
83,149
84,150
85,168
86,139
87,133
87,160
88,148
89,144
9,42
90,170
91,141
91,142
92,134
93,156
94,137
95,164
96,157
97,159
98,166
99,153
