listener_id,PL_ID
120,1
130,1
134,1
29,1
33,1
55,1
62,1
76,1
86,1
88,1
96,1
126,10
155,10
56,10
67,10
68,10
95,10
99,10
132,11
135,11
138,11
146,11
36,11
40,11
42,11
76,11
77,11
80,11
104,12
138,12
143,12
147,12
15,12
150,12
20,12
47,12
57,12
65,12
78,12
107,13
157,13
50,13
51,13
54,13
61,13
63,13
133,14
14,14
145,14
28,14
58,14
83,14
86,14
100,15
11,15
147,15
151,15
33,15
58,15
73,15
74,15
8,15
80,15
85,15
88,15
94,15
153,16
43,16
46,16
6,16
72,16
95,16
98,16
105,17
136,17
29,17
36,17
41,17
58,17
90,17
109,18
131,18
149,18
155,18
27,18
51,18
63,18
65,18
71,18
99,18
102,19
127,19
133,19
149,19
18,19
22,19
31,19
38,19
46,19
82,19
89,19
90,19
103,2
123,2
125,2
148,2
156,2
19,2
40,2
45,2
50,2
85,2
97,2
10,20
101,20
116,20
13,20
141,20
144,20
148,20
159,20
30,20
45,20
49,20
9,20
99,20
124,21
129,21
158,21
60,21
85,21
87,21
103,22
15,22
154,22
24,22
59,22
71,22
8,22
84,22
91,22
106,23
144,23
150,23
38,23
72,23
98,23
103,24
131,24
16,24
48,24
70,24
73,24
109,25
112,25
125,25
23,25
39,25
49,25
7,25
83,25
84,25
92,25
109,26
118,26
132,26
23,26
31,26
6,26
96,26
137,27
34,27
4,27
67,27
69,27
81,27
86,27
112,28
137,28
140,28
37,28
62,28
69,28
79,28
1,29
102,29
107,29
110,29
114,29
152,29
22,29
34,29
39,29
45,29
82,29
98,29
108,3
129,3
141,3
142,3
154,3
159,3
2,3
4,3
48,3
5,3
52,3
67,3
94,3
12,30
156,30
28,30
42,30
44,30
47,30
51,30
93,30
104,31
126,31
4,31
5,31
55,31
87,31
95,31
97,31
101,32
115,32
120,32
136,32
149,32
21,32
3,32
74,32
77,32
107,33
11,33
111,33
122,33
142,33
150,33
18,33
32,33
39,33
49,33
54,33
56,33
6,33
68,33
69,33
81,33
1,34
100,34
104,34
105,34
110,34
120,34
128,34
136,34
138,34
14,34
15,34
21,34
44,34
79,34
8,34
92,34
137,35
139,35
143,35
155,35
26,35
46,35
56,35
63,35
65,35
7,35
115,36
117,36
123,36
135,36
54,36
55,36
97,36
14,37
25,37
28,37
31,37
32,37
119,38
124,38
128,38
132,38
144,38
145,38
20,38
21,38
26,38
27,38
35,38
42,38
87,38
117,39
118,39
19,39
66,39
79,39
82,39
106,4
124,4
13,4
160,4
41,4
110,40
123,40
134,40
157,40
23,40
27,40
50,40
114,41
121,41
134,41
18,41
24,41
47,41
52,41
59,41
66,41
70,41
93,41
10,42
115,42
17,42
26,42
64,42
75,42
93,42
96,42
101,43
113,43
117,43
121,43
140,43
151,43
17,43
37,43
40,43
81,43
113,44
139,44
151,44
19,44
20,44
35,44
57,44
80,44
113,45
147,45
156,45
158,45
2,45
25,45
33,45
36,45
89,45
100,46
118,46
159,46
16,46
24,46
53,46
57,46
64,46
74,46
84,46
114,47
145,47
5,47
59,47
68,47
7,47
77,47
78,47
94,47
108,48
111,48
127,48
148,48
17,48
34,48
35,48
41,48
43,48
52,48
78,48
92,48
106,49
108,49
119,49
128,49
142,49
146,49
152,49
3,49
38,49
53,49
88,49
9,49
105,5
121,5
126,5
127,5
130,5
153,5
16,5
160,5
30,5
44,5
48,5
60,5
73,5
83,5
11,50
139,50
143,50
70,50
90,50
119,6
122,6
13,6
157,6
160,6
2,6
25,6
60,6
61,6
64,6
66,6
72,6
10,7
102,7
116,7
12,7
129,7
140,7
141,7
152,7
29,7
53,7
61,7
89,7
9,7
91,7
133,8
153,8
158,8
62,8
76,8
91,8
111,9
116,9
12,9
131,9
135,9
3,9
30,9
37,9
75,9
